Trade #,Type,Date/Time,Signal,Price USD,Position size (qty),Position size (value),Net P&L USD,Net P&L %,Run-up USD,Run-up %,Drawdown USD,Drawdown %,Cumulative P&L USD,Cumulative P&L %
1,Exit short,2024-11-25 11:40,Short Exit,2689.4,2,5346.8,-328,-0.61,266,0.50,-324,-0.61,-328,-0.03
1,Entry short,2024-11-25 03:25,Short,2673.4,2,5346.8,-328,-0.61,266,0.50,-324,-0.61,-328,-0.03
2,Exit short,2024-11-25 23:45,EOD Close 21:00 UTC,2610.4,2,5219.6,-20,-0.04,0,0.00,-94,-0.18,-348,-0.03
2,Entry short,2024-11-25 23:40,Short,2609.8,2,5219.6,-20,-0.04,0,0.00,-94,-0.18,-348,-0.03
3,Exit short,2024-12-02 11:10,Short Exit,2662.8,2,5311,-154,-0.29,218,0.41,-150,-0.28,-502,-0.05
3,Entry short,2024-12-02 00:40,Short,2655.5,2,5311,-154,-0.29,218,0.41,-150,-0.28,-502,-0.05
4,Exit short,2024-12-06 03:10,Short Exit,2651.8,2,5285,-194,-0.37,136,0.26,-190,-0.36,-696,-0.07
4,Entry short,2024-12-06 01:05,Short,2642.5,2,5285,-194,-0.37,136,0.26,-190,-0.36,-696,-0.07
5,Exit long,2024-12-08 23:05,EOD Close 21:00 UTC,2666,2,5330,12,0.02,118,0.22,-14,-0.03,-684,-0.07
5,Entry long,2024-12-08 23:00,Long,2665,2,5330,12,0.02,118,0.22,-14,-0.03,-684,-0.07
6,Exit short,2024-12-17 18:45,Short Exit,2665.4,2,5318.4,-132,-0.25,262,0.49,-128,-0.24,-816,-0.08
6,Entry short,2024-12-17 08:55,Short,2659.2,2,5318.4,-132,-0.25,262,0.49,-128,-0.24,-816,-0.08
7,Exit short,2024-12-18 20:25,Short Exit,2613.4,2,5282.6,550,1.04,554,1.05,-6,-0.01,-266,-0.03
7,Entry short,2024-12-18 19:00,Short,2641.3,2,5282.6,550,1.04,554,1.05,-6,-0.01,-266,-0.03
8,Exit short,2025-01-08 19:20,Short Exit,2677.3,2,5335,-204,-0.38,40,0.07,-200,-0.37,-470,-0.05
8,Entry short,2025-01-08 17:35,Short,2667.5,2,5335,-204,-0.38,40,0.07,-200,-0.37,-470,-0.05
9,Exit short,2025-01-26 23:05,EOD Close 21:00 UTC,2771.8,2,5534.8,-96,-0.17,8,0.01,-96,-0.17,-566,-0.06
9,Entry short,2025-01-26 23:00,Short,2767.4,2,5534.8,-96,-0.17,8,0.01,-96,-0.17,-566,-0.06
10,Exit short,2025-02-02 23:05,EOD Close 21:00 UTC,2843.8,2,5676,-124,-0.22,16,0.03,-120,-0.21,-690,-0.07
10,Entry short,2025-02-02 23:00,Short,2838,2,5676,-124,-0.22,16,0.03,-120,-0.21,-690,-0.07
11,Exit short,2025-02-02 23:25,EOD Close 21:00 UTC,2837.9,2,5675.6,-10,-0.02,60,0.11,-36,-0.06,-700,-0.07
11,Entry short,2025-02-02 23:20,Short,2837.8,2,5675.6,-10,-0.02,60,0.11,-36,-0.06,-700,-0.07
12,Exit short,2025-02-02 23:35,EOD Close 21:00 UTC,2823.9,2,5659.2,106,0.19,142,0.25,-46,-0.08,-594,-0.06
12,Entry short,2025-02-02 23:30,Short,2829.6,2,5659.2,106,0.19,142,0.25,-46,-0.08,-594,-0.06
13,Exit long,2025-02-11 07:30,Long Exit,2935.1,2,5894.2,-248,-0.42,128,0.22,-244,-0.41,-842,-0.08
13,Entry long,2025-02-11 02:40,Long,2947.1,2,5894.2,-248,-0.42,128,0.22,-244,-0.41,-842,-0.08
14,Exit short,2025-02-20 21:00,EOD Close 21:00 UTC,2952.1,2,5914.6,96,0.16,352,0.60,-160,-0.27,-746,-0.07
14,Entry short,2025-02-20 12:20,Short,2957.3,2,5914.6,96,0.16,352,0.60,-160,-0.27,-746,-0.07
15,Exit short,2025-02-25 13:40,Short Exit,2948,2,5879.8,-170,-0.29,72,0.12,-166,-0.28,-916,-0.09
15,Entry short,2025-02-25 12:30,Short,2939.9,2,5879.8,-170,-0.29,72,0.12,-166,-0.28,-916,-0.09
16,Exit long,2025-03-02 23:05,EOD Close 21:00 UTC,2885,2,5768.6,6,0.01,26,0.05,-90,-0.16,-910,-0.09
16,Entry long,2025-03-02 23:00,Long,2884.3,2,5768.6,6,0.01,26,0.05,-90,-0.16,-910,-0.09
17,Exit long,2025-03-19 22:00,EOD Close 21:00 UTC,3058.8,2,6090.6,262,0.43,316,0.52,-60,-0.10,-648,-0.06
17,Entry long,2025-03-19 18:00,Long,3045.3,2,6090.6,262,0.43,316,0.52,-60,-0.10,-648,-0.06
18,Exit short,2025-04-02 06:40,Short Exit,3145.9,2,6282.8,-98,-0.16,22,0.04,-94,-0.15,-746,-0.07
18,Entry short,2025-04-02 06:30,Short,3141.4,2,6282.8,-98,-0.16,22,0.04,-94,-0.15,-746,-0.07
19,Exit short,2025-04-02 21:20,Short Exit,3166.2,2,6315,-182,-0.29,210,0.33,-240,-0.38,-928,-0.09
19,Entry short,2025-04-02 21:10,Short,3157.5,2,6315,-182,-0.29,210,0.33,-240,-0.38,-928,-0.09
20,Exit long,2025-04-02 23:00,EOD Close 21:00 UTC,3162.9,2,6342,-170,-0.27,602,0.95,-380,-0.60,-1098,-0.11
20,Entry long,2025-04-02 21:20,Long,3171,2,6342,-170,-0.27,602,0.95,-380,-0.60,-1098,-0.11
21,Exit short,2025-04-03 13:20,Short Exit,3104,2,6265.6,568,0.91,572,0.91,-136,-0.22,-530,-0.05
21,Entry short,2025-04-03 11:05,Short,3132.8,2,6265.6,568,0.91,572,0.91,-136,-0.22,-530,-0.05
22,Exit short,2025-04-03 13:50,Short Exit,3099.3,2,6176,-234,-0.38,116,0.19,-230,-0.37,-764,-0.08
22,Entry short,2025-04-03 13:30,Short,3088,2,6176,-234,-0.38,116,0.19,-230,-0.37,-764,-0.08
23,Exit short,2025-04-04 05:40,Short Exit,3124.3,2,6225.4,-240,-0.39,108,0.17,-236,-0.38,-1004,-0.10
23,Entry short,2025-04-04 03:35,Short,3112.7,2,6225.4,-240,-0.39,108,0.17,-236,-0.38,-1004,-0.10
24,Exit long,2025-04-04 12:45,Long Exit,3116,2,6258,-268,-0.43,624,1.00,-264,-0.42,-1272,-0.13
24,Entry long,2025-04-04 11:25,Long,3129,2,6258,-268,-0.43,624,1.00,-264,-0.42,-1272,-0.13
25,Exit long,2025-04-04 13:05,Long Exit,3116,2,6230.2,10,0.02,380,0.61,0,0.00,-1262,-0.13
25,Entry long,2025-04-04 12:45,Long,3115.1,2,6230.2,10,0.02,380,0.61,0,0.00,-1262,-0.13
26,Exit short,2025-04-04 15:45,Short Exit,3051.8,2,6199,946,1.53,950,1.53,-210,-0.34,-316,-0.03
26,Entry short,2025-04-04 13:35,Short,3099.5,2,6199,946,1.53,950,1.53,-210,-0.34,-316,-0.03
27,Exit short,2025-04-06 23:05,TP 3:1,3023.6,1,3042.2,182,0.60,530,1.74,-3,-0.01,-136,-0.01
27,Entry short,2025-04-06 23:00,Short,3042.2,1,3042.2,182,0.60,530,1.74,-3,-0.01,-136,-0.01
28,Exit short,2025-04-06 23:05,EOD Close 21:00 UTC,3023.6,1,3042.2,182,0.60,530,1.74,-3,-0.01,48,0.00
28,Entry short,2025-04-06 23:00,Short,3042.2,1,3042.2,182,0.60,530,1.74,-3,-0.01,48,0.00
29,Exit short,2025-04-06 23:25,EOD Close 21:00 UTC,3027.9,2,6048,-86,-0.14,2,0.00,-120,-0.20,-38,0.00
29,Entry short,2025-04-06 23:20,Short,3024,2,6048,-86,-0.14,2,0.00,-120,-0.20,-38,0.00
30,Exit short,2025-04-07 00:25,EOD Close 21:00 UTC,3000,2,6018,172,0.29,232,0.39,-34,-0.06,134,0.01
30,Entry short,2025-04-07 00:20,Short,3009,2,6018,172,0.29,232,0.39,-34,-0.06,134,0.01
31,Exit short,2025-04-07 00:35,EOD Close 21:00 UTC,2997.1,2,5995,0,0.00,102,0.17,-94,-0.16,134,0.01
31,Entry short,2025-04-07 00:30,Short,2997.5,2,5995,0,0.00,102,0.17,-94,-0.16,134,0.01
32,Exit short,2025-04-07 02:10,Short Exit,3018.7,2,6008.6,-296,-0.49,464,0.77,-292,-0.49,-162,-0.02
32,Entry short,2025-04-07 01:05,Short,3004.3,2,6008.6,-296,-0.49,464,0.77,-292,-0.49,-162,-0.02
33,Exit long,2025-04-07 04:45,Long Exit,3040,2,6137.6,-584,-0.95,266,0.43,-580,-0.94,-746,-0.07
33,Entry long,2025-04-07 02:35,Long,3068.8,2,6137.6,-584,-0.95,266,0.43,-580,-0.94,-746,-0.07
34,Exit short,2025-04-07 23:00,EOD Close 21:00 UTC,2998.1,2,6069.6,726,1.20,1280,2.11,-596,-0.98,-20,0.00
34,Entry short,2025-04-07 04:45,Short,3034.8,2,6069.6,726,1.20,1280,2.11,-596,-0.98,-20,0.00
35,Exit long,2025-04-09 05:55,Long Exit,3029.6,2,6019,394,0.65,398,0.66,-6,-0.01,374,0.04
35,Entry long,2025-04-09 02:30,Long,3009.5,2,6019,394,0.65,398,0.66,-6,-0.01,374,0.04
36,Exit long,2025-04-09 08:00,Long Exit,3059.6,2,6066.4,520,0.86,524,0.86,-82,-0.14,894,0.09
36,Entry long,2025-04-09 06:10,Long,3033.2,2,6066.4,520,0.86,524,0.86,-82,-0.14,894,0.09
37,Exit long,2025-04-09 08:15,Long Exit,3059.5,2,6127.4,-92,-0.15,22,0.04,-106,-0.17,802,0.08
37,Entry long,2025-04-09 08:10,Long,3063.7,2,6127.4,-92,-0.15,22,0.04,-106,-0.17,802,0.08
38,Exit long,2025-04-09 12:35,Long Exit,3085.7,2,6124,466,0.76,470,0.77,-54,-0.09,1268,0.13
38,Entry long,2025-04-09 12:00,Long,3062,2,6124,466,0.76,470,0.77,-54,-0.09,1268,0.13
39,Exit long,2025-04-09 19:10,Long Exit,3067,2,6169,-358,-0.58,172,0.28,-354,-0.57,910,0.09
39,Entry long,2025-04-09 18:30,Long,3084.5,2,6169,-358,-0.58,172,0.28,-354,-0.57,910,0.09
40,Exit long,2025-04-09 23:35,EOD Close 21:00 UTC,3098.6,2,6200.8,-44,-0.07,64,0.10,-80,-0.13,866,0.09
40,Entry long,2025-04-09 23:30,Long,3100.4,2,6200.8,-44,-0.07,64,0.10,-80,-0.13,866,0.09
41,Exit long,2025-04-10 16:00,Long Exit,3175.7,2,6257.8,928,1.48,932,1.49,-192,-0.31,1794,0.18
41,Entry long,2025-04-10 03:05,Long,3128.9,2,6257.8,928,1.48,932,1.49,-192,-0.31,1794,0.18
42,Exit long,2025-04-10 23:35,EOD Close 21:00 UTC,3205,2,6406,32,0.05,66,0.10,-24,-0.04,1826,0.18
42,Entry long,2025-04-10 23:30,Long,3203,2,6406,32,0.05,66,0.10,-24,-0.04,1826,0.18
43,Exit long,2025-04-11 01:50,Long Exit,3226.2,2,6464.2,-126,-0.19,58,0.09,-122,-0.19,1700,0.17
43,Entry long,2025-04-11 01:40,Long,3232.1,2,6464.2,-126,-0.19,58,0.09,-122,-0.19,1700,0.17
44,Exit long,2025-04-11 02:15,Long Exit,3225,2,6470.8,-216,-0.33,98,0.15,-212,-0.33,1484,0.15
44,Entry long,2025-04-11 02:00,Long,3235.4,2,6470.8,-216,-0.33,98,0.15,-212,-0.33,1484,0.15
45,Exit short,2025-04-13 23:05,EOD Close 21:00 UTC,3236.9,2,6474,-6,-0.01,112,0.17,-48,-0.07,1478,0.15
45,Entry short,2025-04-13 23:00,Short,3237,2,6474,-6,-0.01,112,0.17,-48,-0.07,1478,0.15
46,Exit short,2025-04-14 12:05,Short Exit,3234.3,2,6445.6,-238,-0.37,14,0.02,-234,-0.36,1240,0.12
46,Entry short,2025-04-14 11:20,Short,3222.8,2,6445.6,-238,-0.37,14,0.02,-234,-0.36,1240,0.12
47,Exit long,2025-04-16 05:55,Long Exit,3300,2,6538.2,610,0.93,614,0.94,-8,-0.01,1850,0.19
47,Entry long,2025-04-16 00:55,Long,3269.1,2,6538.2,610,0.93,614,0.94,-8,-0.01,1850,0.19
48,Exit long,2025-04-16 14:20,Long Exit,3318.7,2,6657.6,-210,-0.32,12,0.02,-206,-0.31,1640,0.16
48,Entry long,2025-04-16 13:40,Long,3328.8,2,6657.6,-210,-0.32,12,0.02,-206,-0.31,1640,0.16
49,Exit long,2025-04-16 23:05,EOD Close 21:00 UTC,3367.8,2,6725.8,90,0.13,108,0.16,-4,-0.01,1730,0.17
49,Entry long,2025-04-16 23:00,Long,3362.9,2,6725.8,90,0.13,108,0.16,-4,-0.01,1730,0.17
50,Exit long,2025-04-20 23:20,EOD Close 21:00 UTC,3360.7,2,6723.2,-26,-0.04,124,0.18,-52,-0.08,1704,0.17
50,Entry long,2025-04-20 23:15,Long,3361.6,2,6723.2,-26,-0.04,124,0.18,-52,-0.08,1704,0.17
51,Exit long,2025-04-21 12:35,Long Exit,3412.9,2,6767.6,574,0.85,578,0.85,-116,-0.17,2278,0.23
51,Entry long,2025-04-21 01:40,Long,3383.8,2,6767.6,574,0.85,578,0.85,-116,-0.17,2278,0.23
52,Exit long,2025-04-22 02:45,Long Exit,3463.6,2,6870.8,556,0.81,560,0.81,-134,-0.20,2834,0.28
52,Entry long,2025-04-22 01:15,Long,3435.4,2,6870.8,556,0.81,560,0.81,-134,-0.20,2834,0.28
53,Exit short,2025-04-22 14:20,Short Exit,3457.5,2,6893.6,-222,-0.32,306,0.44,-218,-0.32,2612,0.26
53,Entry short,2025-04-22 13:45,Short,3446.8,2,6893.6,-222,-0.32,306,0.44,-218,-0.32,2612,0.26
54,Exit short,2025-04-23 02:40,Short Exit,3389.7,2,6745.4,-348,-0.52,94,0.14,-344,-0.51,2264,0.23
54,Entry short,2025-04-23 02:00,Short,3372.7,2,6745.4,-348,-0.52,94,0.14,-344,-0.51,2264,0.23
55,Exit short,2025-04-23 03:55,Short Exit,3359,2,6743.2,244,0.36,248,0.37,-34,-0.05,2508,0.25
55,Entry short,2025-04-23 03:40,Short,3371.6,2,6743.2,244,0.36,248,0.37,-34,-0.05,2508,0.25
56,Exit short,2025-04-23 03:55,TP 3:1,3363.4,1,3357.7,-61,-0.18,0,0.00,-59,-0.18,2445,0.24
56,Entry short,2025-04-23 03:55,Short,3357.7,1,3357.7,-61,-0.18,0,0.00,-59,-0.18,2445,0.24
57,Exit short,2025-04-23 06:15,Short Exit,3357.8,1,3357.7,-5,-0.01,184,0.55,-79,-0.24,2442,0.24
57,Entry short,2025-04-23 03:55,Short,3357.7,1,3357.7,-5,-0.01,184,0.55,-79,-0.24,2442,0.24
58,Exit short,2025-04-23 06:45,Short Exit,3326.8,2,6698,436,0.65,440,0.66,-82,-0.12,2878,0.29
58,Entry short,2025-04-23 06:25,Short,3349,2,6698,436,0.65,440,0.66,-82,-0.12,2878,0.29
59,Exit short,2025-04-23 06:45,TP 3:1,3326.8,1,3324.9,-23,-0.07,0,0.00,-21,-0.06,2853,0.29
59,Entry short,2025-04-23 06:45,Short,3324.9,1,3324.9,-23,-0.07,0,0.00,-21,-0.06,2853,0.29
60,Exit short,2025-04-23 08:00,Short Exit,3318.1,1,3324.9,64,0.19,221,0.66,-120,-0.36,2919,0.29
60,Entry short,2025-04-23 06:45,Short,3324.9,1,3324.9,64,0.19,221,0.66,-120,-0.36,2919,0.29
61,Exit long,2025-04-24 04:30,Long Exit,3334.2,2,6690.2,-226,-0.34,630,0.94,-222,-0.33,2693,0.27
61,Entry long,2025-04-24 01:25,Long,3345.1,2,6690.2,-226,-0.34,630,0.94,-222,-0.33,2693,0.27
62,Exit long,2025-04-24 08:35,Long Exit,3335.6,2,6691,-206,-0.31,104,0.16,-202,-0.30,2487,0.25
62,Entry long,2025-04-24 08:00,Long,3345.5,2,6691,-206,-0.31,104,0.16,-202,-0.30,2487,0.25
63,Exit long,2025-04-24 23:05,EOD Close 21:00 UTC,3376,2,6749.2,20,0.03,52,0.08,-118,-0.17,2507,0.25
63,Entry long,2025-04-24 23:00,Long,3374.6,2,6749.2,20,0.03,52,0.08,-118,-0.17,2507,0.25
64,Exit short,2025-04-25 14:00,Short Exit,3294,2,6668.4,796,1.19,800,1.20,-84,-0.13,3303,0.33
64,Entry short,2025-04-25 04:55,Short,3334.2,2,6668.4,796,1.19,800,1.20,-84,-0.13,3303,0.33
65,Exit long,2025-04-27 23:05,EOD Close 21:00 UTC,3332.5,2,6673.8,-96,-0.14,0,0.00,-100,-0.15,3207,0.32
65,Entry long,2025-04-27 23:00,Long,3336.9,2,6673.8,-96,-0.14,0,0.00,-100,-0.15,3207,0.32
66,Exit short,2025-04-28 03:40,Short Exit,3293.4,2,6570.8,-168,-0.26,148,0.23,-164,-0.25,3039,0.30
66,Entry short,2025-04-28 03:00,Short,3285.4,2,6570.8,-168,-0.26,148,0.23,-164,-0.25,3039,0.30
67,Exit short,2025-04-28 13:20,Short Exit,3310.4,2,6605.6,-160,-0.24,396,0.60,-156,-0.24,2879,0.29
67,Entry short,2025-04-28 06:35,Short,3302.8,2,6605.6,-160,-0.24,396,0.60,-156,-0.24,2879,0.29
68,Exit short,2025-04-30 13:45,Short Exit,3313.5,2,6589.2,-386,-0.59,374,0.57,-382,-0.58,2493,0.25
68,Entry short,2025-04-30 09:10,Short,3294.6,2,6589.2,-386,-0.59,374,0.57,-382,-0.58,2493,0.25
69,Exit long,2025-04-30 23:00,EOD Close 21:00 UTC,3295.3,2,6629.2,-394,-0.59,310,0.47,-420,-0.63,2099,0.21
69,Entry long,2025-04-30 13:45,Long,3314.6,2,6629.2,-394,-0.59,310,0.47,-420,-0.63,2099,0.21
70,Exit short,2025-04-30 23:15,EOD Close 21:00 UTC,3283.8,2,6571.2,28,0.04,86,0.13,-44,-0.07,2127,0.21
70,Entry short,2025-04-30 23:10,Short,3285.6,2,6571.2,28,0.04,86,0.13,-44,-0.07,2127,0.21
71,Exit short,2025-05-01 02:05,Short Exit,3243,2,6537.6,508,0.78,512,0.78,-16,-0.02,2635,0.26
71,Entry short,2025-05-01 01:20,Short,3268.8,2,6537.6,508,0.78,512,0.78,-16,-0.02,2635,0.26
72,Exit short,2025-05-01 02:05,TP 3:1,3248.6,1,3242,-70,-0.22,0,0.00,-68,-0.21,2563,0.26
72,Entry short,2025-05-01 02:05,Short,3242,1,3242,-70,-0.22,0,0.00,-68,-0.21,2563,0.26
73,Exit short,2025-05-01 21:10,Short Exit,3242.4,1,3242,-8,-0.02,323,1.00,-177,-0.55,2557,0.26
73,Entry short,2025-05-01 02:05,Short,3242,1,3242,-8,-0.02,323,1.00,-177,-0.55,2557,0.26
74,Exit long,2025-05-02 13:55,Long Exit,3257.5,2,6536,-218,-0.33,62,0.09,-214,-0.33,2339,0.23
74,Entry long,2025-05-02 13:35,Long,3268,2,6536,-218,-0.33,62,0.09,-214,-0.33,2339,0.23
75,Exit long,2025-05-06 17:45,Long Exit,3418.9,2,6717.8,1192,1.77,1196,1.78,-78,-0.12,3531,0.35
75,Entry long,2025-05-06 02:00,Long,3358.9,2,6717.8,1192,1.77,1196,1.78,-78,-0.12,3531,0.35
76,Exit long,2025-05-06 23:15,EOD Close 21:00 UTC,3414,2,6842.6,-154,-0.23,52,0.08,-256,-0.37,3377,0.34
76,Entry long,2025-05-06 23:10,Long,3421.3,2,6842.6,-154,-0.23,52,0.08,-256,-0.37,3377,0.34
77,Exit short,2025-05-06 23:30,EOD Close 21:00 UTC,3403.4,2,6794,-136,-0.20,80,0.12,-174,-0.26,3241,0.32
77,Entry short,2025-05-06 23:25,Short,3397,2,6794,-136,-0.20,80,0.12,-174,-0.26,3241,0.32
78,Exit short,2025-05-07 01:55,Short Exit,3386.9,2,6745.4,-292,-0.43,106,0.16,-288,-0.43,2949,0.29
78,Entry short,2025-05-07 01:40,Short,3372.7,2,6745.4,-292,-0.43,106,0.16,-288,-0.43,2949,0.29
79,Exit short,2025-05-07 03:20,Short Exit,3392.9,2,6771.4,-152,-0.22,358,0.53,-148,-0.22,2797,0.28
79,Entry short,2025-05-07 02:00,Short,3385.7,2,6771.4,-152,-0.22,358,0.53,-148,-0.22,2797,0.28
80,Exit long,2025-05-07 23:00,EOD Close 21:00 UTC,3379.6,2,6804.8,-464,-0.68,80,0.12,-632,-0.93,2333,0.23
80,Entry long,2025-05-07 03:20,Long,3402.4,2,6804.8,-464,-0.68,80,0.12,-632,-0.93,2333,0.23
81,Exit long,2025-05-08 06:10,Long Exit,3385.4,2,6801,-310,-0.46,426,0.63,-306,-0.45,2023,0.20
81,Entry long,2025-05-08 02:00,Long,3400.5,2,6801,-310,-0.46,426,0.63,-306,-0.45,2023,0.20
82,Exit short,2025-05-08 07:45,Short Exit,3328.4,2,6731.8,742,1.10,746,1.11,-114,-0.17,2765,0.28
82,Entry short,2025-05-08 06:50,Short,3365.9,2,6731.8,742,1.10,746,1.11,-114,-0.17,2765,0.28
83,Exit short,2025-05-08 20:35,Short Exit,3305.7,2,6596,-162,-0.25,62,0.09,-158,-0.24,2603,0.26
83,Entry short,2025-05-08 20:20,Short,3298,2,6596,-162,-0.25,62,0.09,-158,-0.24,2603,0.26
84,Exit short,2025-05-09 03:10,Short Exit,3281.9,2,6592,274,0.42,278,0.42,-76,-0.12,2877,0.29
84,Entry short,2025-05-09 02:35,Short,3296,2,6592,274,0.42,278,0.42,-76,-0.12,2877,0.29
85,Exit short,2025-05-09 03:10,TP 3:1,3281.7,1,3279.1,-30,-0.09,0,0.00,-28,-0.09,2845,0.28
85,Entry short,2025-05-09 03:10,Short,3279.1,1,3279.1,-30,-0.09,0,0.00,-28,-0.09,2845,0.28
86,Exit short,2025-05-09 03:35,Short Exit,3296,1,3279.1,-173,-0.53,0,0.00,-171,-0.52,2674,0.27
86,Entry short,2025-05-09 03:10,Short,3279.1,1,3279.1,-173,-0.53,0,0.00,-171,-0.52,2674,0.27
87,Exit long,2025-05-09 12:35,Long Exit,3330.7,2,6677.2,-166,-0.25,20,0.03,-198,-0.30,2508,0.25
87,Entry long,2025-05-09 12:25,Long,3338.6,2,6677.2,-166,-0.25,20,0.03,-198,-0.30,2508,0.25
88,Exit short,2025-05-11 23:05,EOD Close 21:00 UTC,3283.7,2,6559.4,-88,-0.13,14,0.02,-118,-0.18,2420,0.24
88,Entry short,2025-05-11 23:00,Short,3279.7,2,6559.4,-88,-0.13,14,0.02,-118,-0.18,2420,0.24
89,Exit short,2025-05-11 23:15,EOD Close 21:00 UTC,3277.5,2,6566.6,108,0.16,142,0.22,-70,-0.11,2528,0.25
89,Entry short,2025-05-11 23:10,Short,3283.3,2,6566.6,108,0.16,142,0.22,-70,-0.11,2528,0.25
90,Exit short,2025-05-12 04:30,Short Exit,3286.6,2,6550.4,-236,-0.36,254,0.39,-232,-0.35,2292,0.23
90,Entry short,2025-05-12 02:00,Short,3275.2,2,6550.4,-236,-0.36,254,0.39,-232,-0.35,2292,0.23
91,Exit short,2025-05-12 23:00,EOD Close 21:00 UTC,3242.2,2,6515.8,306,0.47,932,1.43,-30,-0.05,2598,0.26
91,Entry short,2025-05-12 08:00,Short,3257.9,2,6515.8,306,0.47,932,1.43,-30,-0.05,2598,0.26
92,Exit short,2025-05-13 03:10,Short Exit,3233.5,2,6442.8,-250,-0.39,22,0.03,-246,-0.38,2348,0.23
92,Entry short,2025-05-13 02:40,Short,3221.4,2,6442.8,-250,-0.39,22,0.03,-246,-0.38,2348,0.23
93,Exit short,2025-05-14 08:55,Short Exit,3243.2,2,6475.2,-120,-0.19,248,0.38,-116,-0.18,2228,0.22
93,Entry short,2025-05-14 03:35,Short,3237.6,2,6475.2,-120,-0.19,248,0.38,-116,-0.18,2228,0.22
94,Exit short,2025-05-14 23:00,EOD Close 21:00 UTC,3183.8,2,6408.6,402,0.63,656,1.02,-144,-0.22,2630,0.26
94,Entry short,2025-05-14 13:35,Short,3204.3,2,6408.6,402,0.63,656,1.02,-144,-0.22,2630,0.26
95,Exit short,2025-05-15 07:05,Short Exit,3134.3,2,6257,-124,-0.20,12,0.02,-150,-0.24,2506,0.25
95,Entry short,2025-05-15 07:00,Short,3128.5,2,6257,-124,-0.20,12,0.02,-150,-0.24,2506,0.25
96,Exit short,2025-05-16 12:50,Short Exit,3166.1,2,6383.2,502,0.79,506,0.79,-20,-0.03,3008,0.30
96,Entry short,2025-05-16 11:45,Short,3191.6,2,6383.2,502,0.79,506,0.79,-20,-0.03,3008,0.30
97,Exit short,2025-05-16 12:50,TP 3:1,3157.4,1,3157,-8,-0.03,0,0.00,-6,-0.02,2998,0.30
97,Entry short,2025-05-16 12:50,Short,3157,1,3157,-8,-0.03,0,0.00,-6,-0.02,2998,0.30
98,Exit short,2025-05-16 13:10,Short Exit,3169.8,1,3157,-132,-0.42,3,0.01,-130,-0.41,2868,0.29
98,Entry short,2025-05-16 12:50,Short,3157,1,3157,-132,-0.42,3,0.01,-130,-0.41,2868,0.29
99,Exit long,2025-05-18 23:05,EOD Close 21:00 UTC,3220,2,6441,-18,-0.03,14,0.02,-100,-0.16,2850,0.29
99,Entry long,2025-05-18 23:00,Long,3220.5,2,6441,-18,-0.03,14,0.02,-100,-0.16,2850,0.29
100,Exit long,2025-05-18 23:20,EOD Close 21:00 UTC,3236.7,2,6472,6,0.01,48,0.07,-34,-0.05,2856,0.29
100,Entry long,2025-05-18 23:15,Long,3236,2,6472,6,0.01,48,0.07,-34,-0.05,2856,0.29
101,Exit long,2025-05-19 00:55,EOD Close 21:00 UTC,3238.2,2,6476.2,-6,-0.01,62,0.10,-28,-0.04,2850,0.29
101,Entry long,2025-05-19 00:50,Long,3238.1,2,6476.2,-6,-0.01,62,0.10,-28,-0.04,2850,0.29
102,Exit short,2025-05-19 06:00,Short Exit,3221.6,2,6421.6,-224,-0.35,48,0.07,-220,-0.34,2626,0.26
102,Entry short,2025-05-19 04:45,Short,3210.8,2,6421.6,-224,-0.35,48,0.07,-220,-0.34,2626,0.26
103,Exit short,2025-05-21 13:55,Short Exit,3306.1,2,6594.6,-184,-0.28,90,0.14,-180,-0.27,2442,0.24
103,Entry short,2025-05-21 13:25,Short,3297.3,2,6594.6,-184,-0.28,90,0.14,-180,-0.27,2442,0.24
104,Exit long,2025-05-23 14:00,Long Exit,3365,2,6669.4,598,0.90,602,0.90,-86,-0.13,3040,0.30
104,Entry long,2025-05-23 12:40,Long,3334.7,2,6669.4,598,0.90,602,0.90,-86,-0.13,3040,0.30
105,Exit short,2025-05-27 08:50,Short Exit,3298.7,2,6623.8,256,0.39,260,0.39,-14,-0.02,3296,0.33
105,Entry short,2025-05-27 07:45,Short,3311.9,2,6623.8,256,0.39,260,0.39,-14,-0.02,3296,0.33
106,Exit short,2025-05-27 08:50,TP 3:1,3293.2,1,3292.6,-10,-0.03,0,0.00,-8,-0.02,3284,0.33
106,Entry short,2025-05-27 08:50,Short,3292.6,1,3292.6,-10,-0.03,0,0.00,-8,-0.02,3284,0.33
107,Exit short,2025-05-27 14:30,Short Exit,3300.3,1,3292.6,-81,-0.25,65,0.20,-174,-0.53,3205,0.32
107,Entry short,2025-05-27 08:50,Short,3292.6,1,3292.6,-81,-0.25,65,0.20,-174,-0.53,3205,0.32
108,Exit short,2025-05-28 23:00,Short Exit,3311.3,2,6570.2,-532,-0.81,54,0.08,-528,-0.80,2673,0.27
108,Entry short,2025-05-28 21:50,Short,3285.1,2,6570.2,-532,-0.81,54,0.08,-528,-0.80,2673,0.27
109,Exit short,2025-05-29 00:15,EOD Close 21:00 UTC,3293.8,2,6586.4,-20,-0.03,140,0.21,-44,-0.07,2653,0.27
109,Entry short,2025-05-29 00:10,Short,3293.2,2,6586.4,-20,-0.03,140,0.21,-44,-0.07,2653,0.27
110,Exit short,2025-05-29 00:25,EOD Close 21:00 UTC,3288.9,2,6572.4,-62,-0.09,8,0.01,-68,-0.10,2591,0.26
110,Entry short,2025-05-29 00:20,Short,3286.2,2,6572.4,-62,-0.09,8,0.01,-68,-0.10,2591,0.26
111,Exit short,2025-05-29 00:45,EOD Close 21:00 UTC,3281.2,2,6549.4,-138,-0.21,12,0.02,-148,-0.23,2453,0.25
111,Entry short,2025-05-29 00:40,Short,3274.7,2,6549.4,-138,-0.21,12,0.02,-148,-0.23,2453,0.25
112,Exit short,2025-05-29 03:05,Short Exit,3289.6,2,6558,-220,-0.34,204,0.31,-216,-0.33,2233,0.22
112,Entry short,2025-05-29 02:00,Short,3279,2,6558,-220,-0.34,204,0.31,-216,-0.33,2233,0.22
113,Exit long,2025-05-30 14:50,Long Exit,3306.7,2,6654,-414,-0.62,116,0.17,-410,-0.62,1819,0.18
113,Entry long,2025-05-30 13:10,Long,3327,2,6654,-414,-0.62,116,0.17,-410,-0.62,1819,0.18
114,Exit long,2025-06-01 23:05,EOD Close 21:00 UTC,3332.5,2,6656.4,78,0.12,106,0.16,-12,-0.02,1897,0.19
114,Entry long,2025-06-01 23:00,Long,3328.2,2,6656.4,78,0.12,106,0.16,-12,-0.02,1897,0.19
115,Exit short,2025-06-04 13:35,Short Exit,3378.9,2,6747,-116,-0.17,8,0.01,-122,-0.18,1781,0.18
115,Entry short,2025-06-04 13:25,Short,3373.5,2,6747,-116,-0.17,8,0.01,-122,-0.18,1781,0.18
116,Exit short,2025-06-06 15:05,Short Exit,3358.3,2,6759.8,424,0.63,428,0.63,-92,-0.14,2205,0.22
116,Entry short,2025-06-06 13:30,Short,3379.9,2,6759.8,424,0.63,428,0.63,-92,-0.14,2205,0.22
117,Exit long,2025-06-11 13:55,Long Exit,3359.3,2,6753.4,-356,-0.53,108,0.16,-352,-0.52,1849,0.18
117,Entry long,2025-06-11 13:30,Long,3376.7,2,6753.4,-356,-0.53,108,0.16,-352,-0.52,1849,0.18
118,Exit short,2025-06-12 10:10,Short Exit,3382.3,2,6746.4,-190,-0.28,288,0.43,-186,-0.28,1659,0.17
118,Entry short,2025-06-12 08:35,Short,3373.2,2,6746.4,-190,-0.28,288,0.43,-186,-0.28,1659,0.17
119,Exit long,2025-06-13 02:40,Long Exit,3452.5,2,6844.4,598,0.87,602,0.88,-34,-0.05,2257,0.23
119,Entry long,2025-06-13 01:00,Long,3422.2,2,6844.4,598,0.87,602,0.88,-34,-0.05,2257,0.23
120,Exit short,2025-06-17 04:20,Short Exit,3397.1,2,6806.2,112,0.16,116,0.17,-10,-0.01,2369,0.24
120,Entry short,2025-06-17 04:10,Short,3403.1,2,6806.2,112,0.16,116,0.17,-10,-0.01,2369,0.24
121,Exit short,2025-06-18 23:00,EOD Close 21:00 UTC,3387.9,2,6780.4,38,0.06,200,0.29,-92,-0.14,2407,0.24
121,Entry short,2025-06-18 20:10,Short,3390.2,2,6780.4,38,0.06,200,0.29,-92,-0.14,2407,0.24
122,Exit short,2025-06-19 08:35,Short Exit,3381.9,2,6751.8,-128,-0.19,244,0.36,-124,-0.18,2279,0.23
122,Entry short,2025-06-19 07:00,Short,3375.9,2,6751.8,-128,-0.19,244,0.36,-124,-0.18,2279,0.23
123,Exit short,2025-06-23 23:05,EOD Close 21:00 UTC,3377.5,2,6749.2,-66,-0.10,8,0.01,-92,-0.14,2213,0.22
123,Entry short,2025-06-23 23:00,Short,3374.6,2,6749.2,-66,-0.10,8,0.01,-92,-0.14,2213,0.22
124,Exit short,2025-06-24 01:15,Short Exit,3359.7,2,6700.6,-196,-0.29,16,0.02,-192,-0.29,2017,0.20
124,Entry short,2025-06-24 01:00,Short,3350.3,2,6700.6,-196,-0.29,16,0.02,-192,-0.29,2017,0.20
125,Exit short,2025-06-29 23:30,EOD Close 21:00 UTC,3268,2,6518.6,-182,-0.28,10,0.02,-186,-0.29,1835,0.18
125,Entry short,2025-06-29 23:25,Short,3259.3,2,6518.6,-182,-0.28,10,0.02,-186,-0.29,1835,0.18
126,Exit long,2025-07-02 14:45,Long Exit,3348.1,2,6714.8,-194,-0.29,86,0.13,-190,-0.28,1641,0.16
126,Entry long,2025-07-02 13:15,Long,3357.4,2,6714.8,-194,-0.29,86,0.13,-190,-0.28,1641,0.16
127,Exit short,2025-07-03 23:00,EOD Close 21:00 UTC,3333.8,2,6675.4,70,0.10,324,0.49,-224,-0.34,1711,0.17
127,Entry short,2025-07-03 13:30,Short,3337.7,2,6675.4,70,0.10,324,0.49,-224,-0.34,1711,0.17
128,Exit long,2025-07-06 23:05,EOD Close 21:00 UTC,3347.8,2,6702,-72,-0.11,10,0.01,-118,-0.18,1639,0.16
128,Entry long,2025-07-06 23:00,Long,3351,2,6702,-72,-0.11,10,0.01,-118,-0.18,1639,0.16
129,Exit long,2025-07-13 23:05,EOD Close 21:00 UTC,3380.8,2,6760.8,0,0.00,22,0.03,-50,-0.07,1639,0.16
129,Entry long,2025-07-13 23:00,Long,3380.4,2,6760.8,0,0.00,22,0.03,-50,-0.07,1639,0.16
130,Exit short,2025-07-15 16:25,Short Exit,3339.8,2,6724,436,0.65,440,0.65,-28,-0.04,2075,0.21
130,Entry short,2025-07-15 13:30,Short,3362,2,6724,436,0.65,440,0.65,-28,-0.04,2075,0.21
131,Exit short,2025-07-17 15:15,Short Exit,3332.8,2,6644.2,-222,-0.33,152,0.23,-218,-0.33,1853,0.19
131,Entry short,2025-07-17 13:30,Short,3322.1,2,6644.2,-222,-0.33,152,0.23,-218,-0.33,1853,0.19
132,Exit short,2025-07-24 08:50,Short Exit,3375.9,2,6788.4,358,0.53,362,0.53,-80,-0.12,2211,0.22
132,Entry short,2025-07-24 02:05,Short,3394.2,2,6788.4,358,0.53,362,0.53,-80,-0.12,2211,0.22
133,Exit short,2025-07-30 23:00,EOD Close 21:00 UTC,3328.1,2,6686.2,292,0.44,472,0.71,-52,-0.08,2503,0.25
133,Entry short,2025-07-30 19:35,Short,3343.1,2,6686.2,292,0.44,472,0.71,-52,-0.08,2503,0.25
134,Exit long,2025-08-03 23:00,EOD Close 21:00 UTC,3419.1,2,6761.8,756,1.12,852,1.26,-12,-0.02,3259,0.33
134,Entry long,2025-08-01 13:30,Long,3380.9,2,6761.8,756,1.12,852,1.26,-12,-0.02,3259,0.33
135,Exit long,2025-08-07 23:00,Long Exit,3492.2,2,6927.4,562,0.81,566,0.82,-50,-0.07,3821,0.38
135,Entry long,2025-08-07 20:30,Long,3463.7,2,6927.4,562,0.81,566,0.82,-50,-0.07,3821,0.38
136,Exit long,2025-08-08 02:05,Long Exit,3500.2,2,7020,-204,-0.29,92,0.13,-200,-0.28,3617,0.36
136,Entry long,2025-08-08 01:40,Long,3510,2,7020,-204,-0.29,92,0.13,-200,-0.28,3617,0.36
137,Exit short,2025-08-10 23:00,EOD Close 21:00 UTC,3462.7,2,6926.4,2,0.00,360,0.52,-100,-0.14,3619,0.36
137,Entry short,2025-08-08 18:55,Short,3463.2,2,6926.4,2,0.00,360,0.52,-100,-0.14,3619,0.36
138,Exit short,2025-08-11 13:25,Short Exit,3403.6,2,6870.8,628,0.91,632,0.92,-200,-0.29,4247,0.42
138,Entry short,2025-08-11 02:05,Short,3435.4,2,6870.8,628,0.91,632,0.92,-200,-0.29,4247,0.42
139,Exit short,2025-08-14 13:40,Short Exit,3401.7,2,6793.8,-104,-0.15,12,0.02,-100,-0.15,4143,0.41
139,Entry short,2025-08-14 13:30,Short,3396.9,2,6793.8,-104,-0.15,12,0.02,-100,-0.15,4143,0.41
140,Exit long,2025-08-26 21:50,Long Exit,3441.9,2,6828.6,544,0.80,548,0.80,-34,-0.05,4687,0.47
140,Entry long,2025-08-26 01:10,Long,3414.3,2,6828.6,544,0.80,548,0.80,-34,-0.05,4687,0.47
141,Exit long,2025-09-01 03:45,Long Exit,3550.1,2,7052.8,466,0.66,470,0.67,-52,-0.07,5153,0.52
141,Entry long,2025-09-01 02:55,Long,3526.4,2,7052.8,466,0.66,470,0.67,-52,-0.07,5153,0.52
142,Exit short,2025-09-02 14:45,Short Exit,3557.9,2,7098.4,-182,-0.26,210,0.30,-178,-0.25,4971,0.50
142,Entry short,2025-09-02 13:15,Short,3549.2,2,7098.4,-182,-0.26,210,0.30,-178,-0.25,4971,0.50
143,Exit long,2025-09-03 02:00,Long Exit,3602,2,7228.4,-252,-0.35,50,0.07,-248,-0.34,4719,0.47
143,Entry long,2025-09-03 01:20,Long,3614.2,2,7228.4,-252,-0.35,50,0.07,-248,-0.34,4719,0.47
144,Exit short,2025-09-04 04:20,Short Exit,3587.1,2,7154.2,-208,-0.29,8,0.01,-204,-0.29,4511,0.45
144,Entry short,2025-09-04 04:10,Short,3577.1,2,7154.2,-208,-0.29,8,0.01,-204,-0.29,4511,0.45
145,Exit long,2025-09-07 23:00,EOD Close 21:00 UTC,3632.7,2,7272.8,-82,-0.11,378,0.52,-268,-0.37,4429,0.44
145,Entry long,2025-09-05 13:30,Long,3636.4,2,7272.8,-82,-0.11,378,0.52,-268,-0.37,4429,0.44
146,Exit short,2025-09-09 23:05,EOD Close 21:00 UTC,3664.9,2,7325.2,-54,-0.07,18,0.02,-62,-0.08,4375,0.44
146,Entry short,2025-09-09 23:00,Short,3662.6,2,7325.2,-54,-0.07,18,0.02,-62,-0.08,4375,0.44
147,Exit long,2025-09-11 23:00,EOD Close 21:00 UTC,3674.3,2,7354.2,-64,-0.09,92,0.13,-436,-0.59,4311,0.43
147,Entry long,2025-09-11 13:30,Long,3677.1,2,7354.2,-64,-0.09,92,0.13,-436,-0.59,4311,0.43
148,Exit long,2025-09-17 19:50,Long Exit,3686.3,2,7452,-802,-1.08,354,0.48,-798,-1.07,3509,0.35
148,Entry long,2025-09-17 19:00,Long,3726,2,7452,-802,-1.08,354,0.48,-798,-1.07,3509,0.35
149,Exit short,2025-09-17 23:00,EOD Close 21:00 UTC,3692.6,2,7359.6,-264,-0.36,0,0.00,-464,-0.63,3245,0.32
149,Entry short,2025-09-17 19:50,Short,3679.8,2,7359.6,-264,-0.36,0,0.00,-464,-0.63,3245,0.32
150,Exit short,2025-09-19 03:05,Short Exit,3674.5,2,7343.8,-60,-0.08,38,0.05,-56,-0.08,3185,0.32
150,Entry short,2025-09-19 02:50,Short,3671.9,2,7343.8,-60,-0.08,38,0.05,-56,-0.08,3185,0.32
151,Exit short,2025-09-23 23:00,EOD Close 21:00 UTC,3797.4,2,7600.8,52,0.07,328,0.43,-24,-0.03,3237,0.32
151,Entry short,2025-09-23 19:50,Short,3800.4,2,7600.8,52,0.07,328,0.43,-24,-0.03,3237,0.32
152,Exit short,2025-09-25 19:35,Short Exit,3784.5,2,7550,-198,-0.26,456,0.60,-194,-0.26,3039,0.30
152,Entry short,2025-09-25 13:30,Short,3775,2,7550,-198,-0.26,456,0.60,-194,-0.26,3039,0.30
153,Exit long,2025-09-26 15:15,Long Exit,3809.1,2,7568.4,490,0.65,494,0.65,-120,-0.16,3529,0.35
153,Entry long,2025-09-26 13:30,Long,3784.2,2,7568.4,490,0.65,494,0.65,-120,-0.16,3529,0.35
154,Exit long,2025-09-28 23:05,EOD Close 21:00 UTC,3796.7,2,7588.6,40,0.05,50,0.07,-34,-0.04,3569,0.36
154,Entry long,2025-09-28 23:00,Long,3794.3,2,7588.6,40,0.05,50,0.07,-34,-0.04,3569,0.36
155,Exit short,2025-09-30 09:35,Short Exit,3835.6,2,7727.6,556,0.72,560,0.72,-72,-0.09,4125,0.41
155,Entry short,2025-09-30 09:05,Short,3863.8,2,7727.6,556,0.72,560,0.72,-72,-0.09,4125,0.41
156,Exit short,2025-09-30 09:35,TP 3:1,3835.6,1,3835.4,-6,-0.02,0,0.00,-4,-0.01,4117,0.41
156,Entry short,2025-09-30 09:35,Short,3835.4,1,3835.4,-6,-0.02,0,0.00,-4,-0.01,4117,0.41
157,Exit short,2025-09-30 11:40,Short Exit,3838,1,3835.4,-30,-0.08,148,0.39,-143,-0.37,4089,0.41
157,Entry short,2025-09-30 09:35,Short,3835.4,1,3835.4,-30,-0.08,148,0.39,-143,-0.37,4089,0.41
158,Exit long,2025-10-06 00:00,EOD Close 21:00 UTC,3942.1,2,7854.6,288,0.37,314,0.40,-60,-0.08,4377,0.44
158,Entry long,2025-10-05 23:55,Long,3927.3,2,7854.6,288,0.37,314,0.40,-60,-0.08,4377,0.44
159,Exit short,2025-10-08 23:00,EOD Close 21:00 UTC,4055.1,2,8108.8,-22,-0.03,42,0.05,-316,-0.39,4355,0.44
159,Entry short,2025-10-08 20:05,Short,4054.4,2,8108.8,-22,-0.03,42,0.05,-316,-0.39,4355,0.44
160,Exit short,2025-10-08 23:10,EOD Close 21:00 UTC,4044,2,8077,-118,-0.15,36,0.04,-168,-0.21,4237,0.42
160,Entry short,2025-10-08 23:05,Short,4038.5,2,8077,-118,-0.15,36,0.04,-168,-0.21,4237,0.42
161,Exit short,2025-10-09 02:15,Short Exit,4044.1,2,8057.8,-312,-0.39,14,0.02,-308,-0.38,3925,0.39
161,Entry short,2025-10-09 02:00,Short,4028.9,2,8057.8,-312,-0.39,14,0.02,-308,-0.38,3925,0.39
162,Exit short,2025-10-09 20:10,Short Exit,3984.4,2,7930.2,-394,-0.50,152,0.19,-390,-0.49,3531,0.35
162,Entry short,2025-10-09 18:10,Short,3965.1,2,7930.2,-394,-0.50,152,0.19,-390,-0.49,3531,0.35
163,Exit short,2025-10-09 23:15,EOD Close 21:00 UTC,3988.6,2,7966.2,-118,-0.15,0,0.00,-122,-0.15,3413,0.34
163,Entry short,2025-10-09 23:10,Short,3983.1,2,7966.2,-118,-0.15,0,0.00,-122,-0.15,3413,0.34
164,Exit short,2025-10-09 23:30,EOD Close 21:00 UTC,3988.7,2,7975,-32,-0.04,22,0.03,-50,-0.06,3381,0.34
164,Entry short,2025-10-09 23:25,Short,3987.5,2,7975,-32,-0.04,22,0.03,-50,-0.06,3381,0.34
165,Exit short,2025-10-10 05:05,Short Exit,3973.4,2,7997.2,496,0.62,500,0.63,-116,-0.15,3877,0.39
165,Entry short,2025-10-10 02:05,Short,3998.6,2,7997.2,496,0.62,500,0.63,-116,-0.15,3877,0.39
166,Exit short,2025-10-10 05:25,Short Exit,3972.5,2,7926.2,-196,-0.25,0,0.00,-192,-0.24,3681,0.37
166,Entry short,2025-10-10 05:10,Short,3963.1,2,7926.2,-196,-0.25,0,0.00,-192,-0.24,3681,0.37
167,Exit short,2025-10-10 08:20,Short Exit,3976.8,2,7937,-174,-0.22,30,0.04,-170,-0.21,3507,0.35
167,Entry short,2025-10-10 08:05,Short,3968.5,2,7937,-174,-0.22,30,0.04,-170,-0.21,3507,0.35
168,Exit long,2025-10-10 13:45,Long Exit,3998.7,2,8020.6,-240,-0.30,4,0.00,-236,-0.29,3267,0.33
168,Entry long,2025-10-10 12:45,Long,4010.3,2,8020.6,-240,-0.30,4,0.00,-236,-0.29,3267,0.33
169,Exit long,2025-10-12 23:05,EOD Close 21:00 UTC,4030.5,2,8056.6,36,0.04,144,0.18,-136,-0.17,3303,0.33
169,Entry long,2025-10-12 23:00,Long,4028.3,2,8056.6,36,0.04,144,0.18,-136,-0.17,3303,0.33
170,Exit long,2025-10-12 23:25,EOD Close 21:00 UTC,4057,2,8110,32,0.04,128,0.16,-58,-0.07,3335,0.33
170,Entry long,2025-10-12 23:20,Long,4055,2,8110,32,0.04,128,0.16,-58,-0.07,3335,0.33
171,Exit long,2025-10-13 00:05,EOD Close 21:00 UTC,4077.2,2,8135,186,0.23,214,0.26,-54,-0.07,3521,0.35
171,Entry long,2025-10-13 00:00,Long,4067.5,2,8135,186,0.23,214,0.26,-54,-0.07,3521,0.35
172,Exit long,2025-10-13 06:15,Long Exit,4084.5,2,8105.4,628,0.77,632,0.78,-42,-0.05,4149,0.41
172,Entry long,2025-10-13 01:20,Long,4052.7,2,8105.4,628,0.77,632,0.78,-42,-0.05,4149,0.41
173,Exit long,2025-10-14 00:35,EOD Close 21:00 UTC,4148.2,2,8292,36,0.04,78,0.09,-18,-0.02,4185,0.42
173,Entry long,2025-10-14 00:30,Long,4146,2,8292,36,0.04,78,0.09,-18,-0.02,4185,0.42
174,Exit long,2025-10-14 06:40,Long Exit,4145.8,2,8316.6,-258,-0.31,666,0.80,-254,-0.31,3927,0.39
174,Entry long,2025-10-14 02:10,Long,4158.3,2,8316.6,-258,-0.31,666,0.80,-254,-0.31,3927,0.39
175,Exit short,2025-10-14 23:00,EOD Close 21:00 UTC,4157.7,2,8264,-522,-0.63,528,0.64,-804,-0.97,3405,0.34
175,Entry short,2025-10-14 06:40,Short,4132,2,8264,-522,-0.63,528,0.64,-804,-0.97,3405,0.34
176,Exit long,2025-10-14 23:15,EOD Close 21:00 UTC,4179.2,2,8355.4,22,0.03,52,0.06,-78,-0.09,3427,0.34
176,Entry long,2025-10-14 23:10,Long,4177.7,2,8355.4,22,0.03,52,0.06,-78,-0.09,3427,0.34
177,Exit long,2025-10-15 08:55,Long Exit,4226.8,2,8383.4,694,0.83,698,0.83,-120,-0.14,4121,0.41
177,Entry long,2025-10-15 02:00,Long,4191.7,2,8383.4,694,0.83,698,0.83,-120,-0.14,4121,0.41
178,Exit long,2025-10-15 13:20,Long Exit,4196.6,2,8412.4,-200,-0.24,346,0.41,-196,-0.23,3921,0.39
178,Entry long,2025-10-15 10:25,Long,4206.2,2,8412.4,-200,-0.24,346,0.41,-196,-0.23,3921,0.39
179,Exit long,2025-10-15 23:00,EOD Close 21:00 UTC,4228.9,2,8404.6,524,0.62,548,0.65,-130,-0.15,4445,0.44
179,Entry long,2025-10-15 13:30,Long,4202.3,2,8404.6,524,0.62,548,0.65,-130,-0.15,4445,0.44
180,Exit short,2025-10-16 07:10,Short Exit,4236,2,8444.4,-284,-0.34,114,0.13,-280,-0.33,4161,0.42
180,Entry short,2025-10-16 06:30,Short,4222.2,2,8444.4,-284,-0.34,114,0.13,-280,-0.33,4161,0.42
181,Exit long,2025-10-16 23:00,Long Exit,4358.9,2,8645.8,712,0.82,716,0.83,-36,-0.04,4873,0.49
181,Entry long,2025-10-16 20:50,Long,4322.9,2,8645.8,712,0.82,716,0.83,-36,-0.04,4873,0.49
182,Exit long,2025-10-16 23:00,TP 3:1,4352.1,1,4361.7,-100,-0.23,0,0.00,-98,-0.22,4771,0.48
182,Entry long,2025-10-16 23:00,Long,4361.7,1,4361.7,-100,-0.23,0,0.00,-98,-0.22,4771,0.48
183,Exit long,2025-10-16 23:00,EOD Close 21:00 UTC,4352.1,1,4361.7,-100,-0.23,0,0.00,-98,-0.22,4673,0.47
183,Entry long,2025-10-16 23:00,Long,4361.7,1,4361.7,-100,-0.23,0,0.00,-98,-0.22,4673,0.47
184,Exit long,2025-10-16 23:10,EOD Close 21:00 UTC,4363,2,8732.6,-74,-0.08,178,0.20,-92,-0.11,4599,0.46
184,Entry long,2025-10-16 23:05,Long,4366.3,2,8732.6,-74,-0.08,178,0.20,-92,-0.11,4599,0.46
185,Exit long,2025-10-16 23:20,EOD Close 21:00 UTC,4372.4,2,8761.8,-178,-0.20,32,0.04,-242,-0.28,4421,0.44
185,Entry long,2025-10-16 23:15,Long,4380.9,2,8761.8,-178,-0.20,32,0.04,-242,-0.28,4421,0.44
186,Exit long,2025-10-17 02:15,Long Exit,4358.1,2,8736.2,-208,-0.24,60,0.07,-234,-0.27,4213,0.42
186,Entry long,2025-10-17 02:05,Long,4368.1,2,8736.2,-208,-0.24,60,0.07,-234,-0.27,4213,0.42
187,Exit short,2025-10-17 03:00,Short Exit,4335.2,2,8605.4,-658,-0.76,232,0.27,-654,-0.76,3555,0.36
187,Entry short,2025-10-17 02:40,Short,4302.7,2,8605.4,-658,-0.76,232,0.27,-654,-0.76,3555,0.36
188,Exit long,2025-10-17 05:15,Long Exit,4378.4,2,8771,-150,-0.17,54,0.06,-146,-0.17,3405,0.34
188,Entry long,2025-10-17 05:00,Long,4385.5,2,8771,-150,-0.17,54,0.06,-146,-0.17,3405,0.34
189,Exit long,2025-10-17 12:30,Long Exit,4321,2,8715.2,-740,-0.85,120,0.14,-736,-0.84,2665,0.27
189,Entry long,2025-10-17 08:20,Long,4357.6,2,8715.2,-740,-0.85,120,0.14,-736,-0.84,2665,0.27
190,Exit short,2025-10-19 23:00,EOD Close 21:00 UTC,4279.7,2,8634,738,0.85,2402,2.78,-312,-0.36,3403,0.34
190,Entry short,2025-10-17 12:30,Short,4317,2,8634,738,0.85,2402,2.78,-312,-0.36,3403,0.34
191,Exit short,2025-10-19 23:35,EOD Close 21:00 UTC,4269.5,2,8530,-98,-0.11,56,0.07,-104,-0.12,3305,0.33
191,Entry short,2025-10-19 23:30,Short,4265,2,8530,-98,-0.11,56,0.07,-104,-0.12,3305,0.33
192,Exit short,2025-10-20 01:35,Short Exit,4248.4,2,8473,-246,-0.29,148,0.17,-242,-0.29,3059,0.31
192,Entry short,2025-10-20 01:10,Short,4236.5,2,8473,-246,-0.29,148,0.17,-242,-0.29,3059,0.31
193,Exit short,2025-10-20 02:10,Short Exit,4261.7,2,8491,-332,-0.39,96,0.11,-328,-0.39,2727,0.27
193,Entry short,2025-10-20 02:00,Short,4245.5,2,8491,-332,-0.39,96,0.11,-328,-0.39,2727,0.27
194,Exit short,2025-10-20 06:30,Short Exit,4270.1,2,8526,-150,-0.18,12,0.01,-146,-0.17,2577,0.26
194,Entry short,2025-10-20 06:20,Short,4263,2,8526,-150,-0.18,12,0.01,-146,-0.17,2577,0.26
195,Exit short,2025-10-20 07:10,Short Exit,4253.7,2,8489.4,-188,-0.22,0,0.00,-192,-0.23,2389,0.24
195,Entry short,2025-10-20 07:00,Short,4244.7,2,8489.4,-188,-0.22,0,0.00,-192,-0.23,2389,0.24
196,Exit long,2025-10-20 13:35,Long Exit,4332.6,2,8589.6,748,0.87,752,0.88,-146,-0.17,3137,0.31
196,Entry long,2025-10-20 12:55,Long,4294.8,2,8589.6,748,0.87,752,0.88,-146,-0.17,3137,0.31
197,Exit long,2025-10-20 13:35,TP 3:1,4334.8,1,4335.6,-12,-0.03,0,0.00,-10,-0.02,3123,0.31
197,Entry long,2025-10-20 13:35,Long,4335.6,1,4335.6,-12,-0.03,0,0.00,-10,-0.02,3123,0.31
198,Exit long,2025-10-20 14:35,Long Exit,4321,1,4335.6,-150,-0.35,89,0.21,-148,-0.34,2975,0.30
198,Entry long,2025-10-20 13:35,Long,4335.6,1,4335.6,-150,-0.35,89,0.21,-148,-0.34,2975,0.30
199,Exit long,2025-10-20 21:35,Long Exit,4364.4,2,8754.2,-262,-0.30,40,0.05,-258,-0.29,2713,0.27
199,Entry long,2025-10-20 21:20,Long,4377.1,2,8754.2,-262,-0.30,40,0.05,-258,-0.29,2713,0.27
200,Exit long,2025-10-21 02:50,Long Exit,4356.7,2,8727,-144,-0.16,46,0.05,-140,-0.16,2569,0.26
200,Entry long,2025-10-21 02:40,Long,4363.5,2,8727,-144,-0.16,46,0.05,-140,-0.16,2569,0.26
201,Exit short,2025-10-21 07:40,Short Exit,4349.2,2,8675.8,-234,-0.27,94,0.11,-230,-0.27,2335,0.23
201,Entry short,2025-10-21 06:30,Short,4337.9,2,8675.8,-234,-0.27,94,0.11,-230,-0.27,2335,0.23
202,Exit short,2025-10-21 13:10,Short Exit,4247.5,2,8634.8,1390,1.61,1394,1.61,-106,-0.12,3725,0.37
202,Entry short,2025-10-21 08:30,Short,4317.4,2,8634.8,1390,1.61,1394,1.61,-106,-0.12,3725,0.37
203,Exit short,2025-10-21 13:10,TP 3:1,4237.6,1,4226.4,-116,-0.27,0,0.00,-114,-0.27,3607,0.36
203,Entry short,2025-10-21 13:10,Short,4226.4,1,4226.4,-116,-0.27,0,0.00,-114,-0.27,3607,0.36
204,Exit short,2025-10-21 15:50,Short Exit,4127.8,1,4226.4,982,2.32,1339,3.17,-203,-0.48,4591,0.46
204,Entry short,2025-10-21 13:10,Short,4226.4,1,4226.4,982,2.32,1339,3.17,-203,-0.48,4591,0.46
205,Exit short,2025-10-21 23:10,EOD Close 21:00 UTC,4131.8,2,8258.4,-60,-0.07,46,0.06,-96,-0.12,4531,0.45
205,Entry short,2025-10-21 23:05,Short,4129.2,2,8258.4,-60,-0.07,46,0.06,-96,-0.12,4531,0.45
206,Exit short,2025-10-22 00:50,EOD Close 21:00 UTC,4118.8,2,8247,86,0.10,164,0.20,-22,-0.03,4617,0.46
206,Entry short,2025-10-22 00:45,Short,4123.5,2,8247,86,0.10,164,0.20,-22,-0.03,4617,0.46
207,Exit short,2025-10-22 23:00,EOD Close 21:00 UTC,4128.7,2,8212.8,-454,-0.55,1704,2.07,-1368,-1.67,4163,0.42
207,Entry short,2025-10-22 00:55,Short,4106.4,2,8212.8,-454,-0.55,1704,2.07,-1368,-1.67,4163,0.42
208,Exit long,2025-10-23 01:15,Long Exit,4099.7,2,8224.6,-260,-0.32,18,0.02,-256,-0.31,3903,0.39
208,Entry long,2025-10-23 01:00,Long,4112.3,2,8224.6,-260,-0.32,18,0.02,-256,-0.31,3903,0.39
209,Exit short,2025-10-23 01:30,Short Exit,4099.2,2,8176,-232,-0.28,84,0.10,-228,-0.28,3671,0.37
209,Entry short,2025-10-23 01:20,Short,4088,2,8176,-232,-0.28,84,0.10,-228,-0.28,3671,0.37
210,Exit long,2025-10-23 07:00,Long Exit,4128.7,2,8219.6,370,0.45,374,0.45,-86,-0.10,4041,0.40
210,Entry long,2025-10-23 06:30,Long,4109.8,2,8219.6,370,0.45,374,0.45,-86,-0.10,4041,0.40
211,Exit long,2025-10-23 07:00,TP 3:1,4137.2,1,4139.5,-27,-0.07,0,0.00,-25,-0.06,4012,0.40
211,Entry long,2025-10-23 07:00,Long,4139.5,1,4139.5,-27,-0.07,0,0.00,-25,-0.06,4012,0.40
212,Exit long,2025-10-23 07:15,Long Exit,4140.4,1,4139.5,5,0.01,128,0.31,-48,-0.12,4019,0.40
212,Entry long,2025-10-23 07:00,Long,4139.5,1,4139.5,5,0.01,128,0.31,-48,-0.12,4019,0.40
213,Exit long,2025-10-23 13:10,Long Exit,4121.5,2,8264.4,-222,-0.27,26,0.03,-218,-0.26,3797,0.38
213,Entry long,2025-10-23 12:00,Long,4132.2,2,8264.4,-222,-0.27,26,0.03,-218,-0.26,3797,0.38
214,Exit long,2025-10-23 14:25,Long Exit,4165.4,2,8265.4,646,0.78,650,0.79,-24,-0.03,4443,0.44
214,Entry long,2025-10-23 13:30,Long,4132.7,2,8265.4,646,0.78,650,0.79,-24,-0.03,4443,0.44
215,Exit short,2025-10-23 21:55,Short Exit,4143.6,2,8269.4,-186,-0.22,222,0.27,-182,-0.22,4257,0.43
215,Entry short,2025-10-23 20:35,Short,4134.7,2,8269.4,-186,-0.22,222,0.27,-182,-0.22,4257,0.43
216,Exit short,2025-10-24 07:05,Short Exit,4106.5,2,8259.8,460,0.56,464,0.56,-154,-0.19,4717,0.47
216,Entry short,2025-10-24 02:50,Short,4129.9,2,8259.8,460,0.56,464,0.56,-154,-0.19,4717,0.47
217,Exit short,2025-10-24 07:05,TP 3:1,4104.1,1,4100.2,-43,-0.10,0,0.00,-41,-0.10,4672,0.47
217,Entry short,2025-10-24 07:05,Short,4100.2,1,4100.2,-43,-0.10,0,0.00,-41,-0.10,4672,0.47
218,Exit short,2025-10-24 09:50,Short Exit,4083.1,1,4100.2,167,0.41,391,0.95,-126,-0.31,4841,0.48
218,Entry short,2025-10-24 07:05,Short,4100.2,1,4100.2,167,0.41,391,0.95,-126,-0.31,4841,0.48
219,Exit short,2025-10-24 12:05,Short Exit,4074,2,8120,-288,-0.35,14,0.02,-296,-0.36,4553,0.46
219,Entry short,2025-10-24 12:00,Short,4060,2,8120,-288,-0.35,14,0.02,-296,-0.36,4553,0.46
220,Exit short,2025-10-24 14:05,Short Exit,4106.9,2,8190.6,-240,-0.29,136,0.17,-236,-0.29,4313,0.43
220,Entry short,2025-10-24 13:35,Short,4095.3,2,8190.6,-240,-0.29,136,0.17,-236,-0.29,4313,0.43
221,Exit short,2025-10-26 22:05,EOD Close 21:00 UTC,4102.8,2,8194.2,-122,-0.15,194,0.24,-194,-0.24,4191,0.42
221,Entry short,2025-10-26 22:00,Short,4097.1,2,8194.2,-122,-0.15,194,0.24,-194,-0.24,4191,0.42
222,Exit short,2025-10-26 22:50,EOD Close 21:00 UTC,4090.5,2,8185.2,34,0.04,98,0.12,-52,-0.06,4225,0.42
222,Entry short,2025-10-26 22:45,Short,4092.6,2,8185.2,34,0.04,98,0.12,-52,-0.06,4225,0.42
223,Exit short,2025-10-27 00:05,Short Exit,4085.6,2,8157,-150,-0.18,60,0.07,-174,-0.21,4075,0.41
223,Entry short,2025-10-27 00:00,Short,4078.5,2,8157,-150,-0.18,60,0.07,-174,-0.21,4075,0.41
224,Exit short,2025-10-27 14:15,Short Exit,4001.5,2,8106.8,1030,1.27,1034,1.28,-246,-0.30,5105,0.51
224,Entry short,2025-10-27 08:50,Short,4053.4,2,8106.8,1030,1.27,1034,1.28,-246,-0.30,5105,0.51
225,Exit short,2025-10-27 22:00,EOD Close 21:00 UTC,4003.5,2,8028.8,210,0.26,398,0.50,-126,-0.16,5315,0.53
225,Entry short,2025-10-27 18:55,Short,4014.4,2,8028.8,210,0.26,398,0.50,-126,-0.16,5315,0.53
226,Exit short,2025-10-28 04:25,Short Exit,3981.7,2,8008.4,442,0.55,446,0.56,-96,-0.12,5757,0.58
226,Entry short,2025-10-28 02:35,Short,4004.2,2,8008.4,442,0.55,446,0.56,-96,-0.12,5757,0.58
227,Exit short,2025-10-28 04:25,TP 3:1,3985.9,1,3978,-83,-0.21,0,0.00,-81,-0.20,5672,0.57
227,Entry short,2025-10-28 04:25,Short,3978,1,3978,-83,-0.21,0,0.00,-81,-0.20,5672,0.57
228,Exit short,2025-10-28 04:40,Short Exit,3991.9,1,3978,-143,-0.36,0,0.00,-141,-0.35,5531,0.55
228,Entry short,2025-10-28 04:25,Short,3978,1,3978,-143,-0.36,0,0.00,-141,-0.35,5531,0.55
229,Exit short,2025-10-28 07:30,Short Exit,3944.6,2,7958.8,688,0.86,692,0.87,-80,-0.10,6219,0.62
229,Entry short,2025-10-28 05:30,Short,3979.4,2,7958.8,688,0.86,692,0.87,-80,-0.10,6219,0.62
230,Exit short,2025-10-28 08:40,Short Exit,3914.6,2,7865.2,352,0.45,356,0.45,-38,-0.05,6571,0.66
230,Entry short,2025-10-28 08:15,Short,3932.6,2,7865.2,352,0.45,356,0.45,-38,-0.05,6571,0.66
231,Exit short,2025-10-28 09:15,Short Exit,3913.5,2,7810.6,-172,-0.22,42,0.05,-194,-0.25,6399,0.64
231,Entry short,2025-10-28 09:05,Short,3905.3,2,7810.6,-172,-0.22,42,0.05,-194,-0.25,6399,0.64
232,Exit short,2025-10-28 10:50,Short Exit,3937.2,2,7858.8,-164,-0.21,4,0.01,-174,-0.22,6235,0.62
232,Entry short,2025-10-28 10:40,Short,3929.4,2,7858.8,-164,-0.21,4,0.01,-174,-0.22,6235,0.62
233,Exit short,2025-10-28 18:50,Short Exit,3969.9,2,7924.8,-158,-0.20,34,0.04,-154,-0.19,6077,0.61
233,Entry short,2025-10-28 18:30,Short,3962.4,2,7924.8,-158,-0.20,34,0.04,-154,-0.19,6077,0.61
234,Exit short,2025-10-28 22:10,EOD Close 21:00 UTC,3952.6,2,7899,-70,-0.09,6,0.01,-262,-0.33,6007,0.60
234,Entry short,2025-10-28 22:05,Short,3949.5,2,7899,-70,-0.09,6,0.01,-262,-0.33,6007,0.60
235,Exit long,2025-10-29 01:30,Long Exit,3982.3,2,7983.8,-200,-0.25,34,0.04,-196,-0.25,5807,0.58
235,Entry long,2025-10-29 01:05,Long,3991.9,2,7983.8,-200,-0.25,34,0.04,-196,-0.25,5807,0.58
236,Exit short,2025-10-29 03:15,Short Exit,3978.3,2,7938.6,-188,-0.24,232,0.29,-184,-0.23,5619,0.56
236,Entry short,2025-10-29 02:30,Short,3969.3,2,7938.6,-188,-0.24,232,0.29,-184,-0.23,5619,0.56
237,Exit long,2025-10-29 07:55,Long Exit,4014.7,2,7953.2,754,0.95,758,0.95,-252,-0.32,6373,0.64
237,Entry long,2025-10-29 05:00,Long,3976.6,2,7953.2,754,0.95,758,0.95,-252,-0.32,6373,0.64
238,Exit long,2025-10-29 13:00,Long Exit,4030.9,2,8085.2,-242,-0.30,80,0.10,-238,-0.29,6131,0.61
238,Entry long,2025-10-29 12:10,Long,4042.6,2,8085.2,-242,-0.30,80,0.10,-238,-0.29,6131,0.61
239,Exit short,2025-10-29 18:35,Short Exit,3963,2,8014.2,874,1.09,878,1.10,-98,-0.12,7005,0.70
239,Entry short,2025-10-29 18:00,Short,4007.1,2,8014.2,874,1.09,878,1.10,-98,-0.12,7005,0.70
240,Exit short,2025-10-29 18:35,TP 3:1,3963.7,1,3962.5,-16,-0.04,0,0.00,-14,-0.04,6987,0.70
240,Entry short,2025-10-29 18:35,Short,3962.5,1,3962.5,-16,-0.04,0,0.00,-14,-0.04,6987,0.70
241,Exit short,2025-10-29 22:00,EOD Close 21:00 UTC,3932.8,1,3962.5,293,0.74,377,0.95,-311,-0.78,7282,0.73
241,Entry short,2025-10-29 18:35,Short,3962.5,1,3962.5,293,0.74,377,0.95,-311,-0.78,7282,0.73
242,Exit short,2025-10-30 01:00,Short Exit,3969.4,2,7923.4,-162,-0.20,254,0.32,-158,-0.20,7120,0.71
242,Entry short,2025-10-30 00:35,Short,3961.7,2,7923.4,-162,-0.20,254,0.32,-158,-0.20,7120,0.71
243,Exit short,2025-10-30 03:00,Short Exit,3932.8,2,7932.8,664,0.84,668,0.84,-120,-0.15,7784,0.78
243,Entry short,2025-10-30 01:05,Short,3966.4,2,7932.8,664,0.84,668,0.84,-120,-0.15,7784,0.78
244,Exit long,2025-10-30 05:15,Long Exit,3971,2,7963.2,-220,-0.28,272,0.34,-216,-0.27,7564,0.76
244,Entry long,2025-10-30 04:30,Long,3981.6,2,7963.2,-220,-0.28,272,0.34,-216,-0.27,7564,0.76
245,Exit long,2025-10-30 10:35,Long Exit,3988,2,8004,-288,-0.36,450,0.56,-284,-0.35,7276,0.73
245,Entry long,2025-10-30 09:00,Long,4002,2,8004,-288,-0.36,450,0.56,-284,-0.35,7276,0.73
246,Exit short,2025-10-30 13:00,Short Exit,3985.7,2,7944.8,-274,-0.34,34,0.04,-292,-0.37,7002,0.70
246,Entry short,2025-10-30 12:55,Short,3972.4,2,7944.8,-274,-0.34,34,0.04,-292,-0.37,7002,0.70
247,Exit long,2025-10-30 22:55,EOD Close 21:00 UTC,4051.3,2,8104.8,-30,-0.04,142,0.18,-62,-0.08,6972,0.70
247,Entry long,2025-10-30 22:50,Long,4052.4,2,8104.8,-30,-0.04,142,0.18,-62,-0.08,6972,0.70
248,Exit long,2025-10-31 01:40,Long Exit,4036.6,2,8093.2,-208,-0.26,92,0.11,-204,-0.25,6764,0.68
248,Entry long,2025-10-31 01:05,Long,4046.6,2,8093.2,-208,-0.26,92,0.11,-204,-0.25,6764,0.68
249,Exit short,2025-10-31 04:50,Short Exit,4021.9,2,8013.8,-308,-0.38,98,0.12,-304,-0.38,6456,0.65
249,Entry short,2025-10-31 03:10,Short,4006.9,2,8013.8,-308,-0.38,98,0.12,-304,-0.38,6456,0.65
250,Exit short,2025-10-31 12:20,Short Exit,4031.7,2,8038.4,-258,-0.32,180,0.22,-254,-0.32,6198,0.62
250,Entry short,2025-10-31 08:50,Short,4019.2,2,8038.4,-258,-0.32,180,0.22,-254,-0.32,6198,0.62
251,Exit long,2025-11-02 23:00,EOD Close 21:00 UTC,4006.4,2,8075,-630,-0.78,230,0.28,-1104,-1.37,5568,0.56
251,Entry long,2025-10-31 12:20,Long,4037.5,2,8075,-630,-0.78,230,0.28,-1104,-1.37,5568,0.56
252,Exit short,2025-11-03 01:05,Short Exit,3990.1,2,7955.8,-252,-0.32,120,0.15,-248,-0.31,5316,0.53
252,Entry short,2025-11-03 00:10,Short,3977.9,2,7955.8,-252,-0.32,120,0.15,-248,-0.31,5316,0.53
253,Exit long,2025-11-03 09:45,Long Exit,4007,2,8035.2,-220,-0.27,422,0.53,-216,-0.27,5096,0.51
253,Entry long,2025-11-03 05:05,Long,4017.6,2,8035.2,-220,-0.27,422,0.53,-216,-0.27,5096,0.51
254,Exit short,2025-11-03 20:00,Short Exit,4020.2,2,8019.2,-220,-0.27,48,0.06,-216,-0.27,4876,0.49
254,Entry short,2025-11-03 19:00,Short,4009.6,2,8019.2,-220,-0.27,48,0.06,-216,-0.27,4876,0.49
255,Exit short,2025-11-03 23:10,EOD Close 21:00 UTC,3998.7,2,8019.8,216,0.27,394,0.49,-20,-0.02,5092,0.51
255,Entry short,2025-11-03 23:05,Short,4009.9,2,8019.8,216,0.27,394,0.49,-20,-0.02,5092,0.51
256,Exit short,2025-11-04 02:55,Short Exit,3996.6,2,7975.2,-188,-0.24,54,0.07,-184,-0.23,4904,0.49
256,Entry short,2025-11-04 02:00,Short,3987.6,2,7975.2,-188,-0.24,54,0.07,-184,-0.23,4904,0.49
257,Exit short,2025-11-04 21:00,EOD Close 21:00 UTC,3944.3,2,7907,176,0.22,248,0.31,-20,-0.03,5080,0.51
257,Entry short,2025-11-04 18:30,Short,3953.5,2,7907,176,0.22,248,0.31,-20,-0.03,5080,0.51
258,Exit long,2025-11-05 09:10,Long Exit,3985.7,2,7992.2,-216,-0.27,8,0.01,-212,-0.27,4864,0.49
258,Entry long,2025-11-05 08:05,Long,3996.1,2,7992.2,-216,-0.27,8,0.01,-212,-0.27,4864,0.49
259,Exit short,2025-11-05 13:05,Short Exit,3982,2,7942.4,-224,-0.28,124,0.16,-220,-0.28,4640,0.46
259,Entry short,2025-11-05 10:00,Short,3971.2,2,7942.4,-224,-0.28,124,0.16,-220,-0.28,4640,0.46
260,Exit short,2025-11-05 23:05,EOD Close 21:00 UTC,3978.2,2,7955.8,-14,-0.02,12,0.02,-90,-0.11,4626,0.46
260,Entry short,2025-11-05 23:00,Short,3977.9,2,7955.8,-14,-0.02,12,0.02,-90,-0.11,4626,0.46
261,Exit short,2025-11-06 17:40,Short Exit,3985.9,2,7951.2,-214,-0.27,44,0.06,-210,-0.26,4412,0.44
261,Entry short,2025-11-06 17:20,Short,3975.6,2,7951.2,-214,-0.27,44,0.06,-210,-0.26,4412,0.44
262,Exit long,2025-11-09 23:05,EOD Close 21:00 UTC,4017.6,2,8028.8,56,0.07,80,0.10,-36,-0.04,4468,0.45
262,Entry long,2025-11-09 23:00,Long,4014.4,2,8028.8,56,0.07,80,0.10,-36,-0.04,4468,0.45
263,Exit long,2025-11-10 08:05,Long Exit,4089.8,2,8108.2,706,0.87,710,0.88,-160,-0.20,5174,0.52
263,Entry long,2025-11-10 01:20,Long,4054.1,2,8108.2,706,0.87,710,0.88,-160,-0.20,5174,0.52
264,Exit short,2025-11-13 18:30,TP 3:1,4169.2,1,4195.1,255,0.61,311,0.74,-3,-0.01,5427,0.54
264,Entry short,2025-11-13 18:25,Short,4195.1,1,4195.1,255,0.61,311,0.74,-3,-0.01,5427,0.54
265,Exit short,2025-11-13 18:40,Short Exit,4160.9,1,4195.1,338,0.81,465,1.11,-3,-0.01,5767,0.58
265,Entry short,2025-11-13 18:25,Short,4195.1,1,4195.1,338,0.81,465,1.11,-3,-0.01,5767,0.58
266,Exit short,2025-11-14 07:40,Short Exit,4175.1,2,8332.8,-182,-0.22,78,0.09,-178,-0.21,5585,0.56
266,Entry short,2025-11-14 07:20,Short,4166.4,2,8332.8,-182,-0.22,78,0.09,-178,-0.21,5585,0.56
267,Exit short,2025-11-14 11:55,Short Exit,4137.6,2,8325.6,496,0.60,500,0.60,-42,-0.05,6081,0.61
267,Entry short,2025-11-14 11:05,Short,4162.8,2,8325.6,496,0.60,500,0.60,-42,-0.05,6081,0.61
268,Exit short,2025-11-14 11:55,TP 3:1,4135.5,1,4133.1,-28,-0.07,0,0.00,-26,-0.06,6051,0.61
268,Entry short,2025-11-14 11:55,Short,4133.1,1,4133.1,-28,-0.07,0,0.00,-26,-0.06,6051,0.61
269,Exit short,2025-11-14 12:45,Short Exit,4120.4,1,4133.1,123,0.30,237,0.57,-105,-0.25,6176,0.62
269,Entry short,2025-11-14 11:55,Short,4133.1,1,4133.1,123,0.30,237,0.57,-105,-0.25,6176,0.62
270,Exit short,2025-11-14 18:30,Short Exit,4101.9,2,8181.4,-232,-0.28,162,0.20,-228,-0.28,5944,0.59
270,Entry short,2025-11-14 18:00,Short,4090.7,2,8181.4,-232,-0.28,162,0.20,-228,-0.28,5944,0.59
271,Exit short,2025-11-16 23:05,EOD Close 21:00 UTC,4099.4,2,8150,-496,-0.61,6,0.01,-604,-0.74,5448,0.54
271,Entry short,2025-11-16 23:00,Short,4075,2,8150,-496,-0.61,6,0.01,-604,-0.74,5448,0.54
272,Exit short,2025-11-17 03:10,Short Exit,4082.7,2,8161,-52,-0.06,64,0.08,-76,-0.09,5396,0.54
272,Entry short,2025-11-17 03:00,Short,4080.5,2,8161,-52,-0.06,64,0.08,-76,-0.09,5396,0.54
273,Exit short,2025-11-17 05:30,TP 3:1,4054.5,1,4065.4,105,0.26,115,0.28,-10,-0.02,5499,0.55
273,Entry short,2025-11-17 05:25,Short,4065.4,1,4065.4,105,0.26,115,0.28,-10,-0.02,5499,0.55
274,Exit short,2025-11-17 06:00,Short Exit,4065.4,1,4065.4,-4,-0.01,140,0.34,-10,-0.02,5497,0.55
274,Entry short,2025-11-17 05:25,Short,4065.4,1,4065.4,-4,-0.01,140,0.34,-10,-0.02,5497,0.55
275,Exit short,2025-11-17 11:05,Short Exit,4075.2,2,8130,-212,-0.26,0,0.00,-212,-0.26,5285,0.53
275,Entry short,2025-11-17 11:00,Short,4065,2,8130,-212,-0.26,0,0.00,-212,-0.26,5285,0.53
276,Exit short,2025-11-17 21:00,EOD Close 21:00 UTC,4041.7,2,8078.2,-60,-0.07,644,0.80,-112,-0.14,5225,0.52
276,Entry short,2025-11-17 19:30,Short,4039.1,2,8078.2,-60,-0.07,644,0.80,-112,-0.14,5225,0.52
277,Exit short,2025-11-17 23:45,EOD Close 21:00 UTC,4036.7,2,8073.8,-4,0.00,174,0.22,-86,-0.11,5221,0.52
277,Entry short,2025-11-17 23:40,Short,4036.9,2,8073.8,-4,0.00,174,0.22,-86,-0.11,5221,0.52
278,Exit long,2025-11-18 14:40,Long Exit,4082,2,8072.8,904,1.12,908,1.12,-168,-0.21,6125,0.61
278,Entry long,2025-11-18 08:30,Long,4036.4,2,8072.8,904,1.12,908,1.12,-168,-0.21,6125,0.61
279,Exit long,2025-11-19 08:10,Long Exit,4078.8,2,8174.6,-178,-0.22,250,0.31,-174,-0.21,5947,0.59
279,Entry long,2025-11-19 05:15,Long,4087.3,2,8174.6,-178,-0.22,250,0.31,-174,-0.21,5947,0.59
280,Exit long,2025-11-19 13:10,Long Exit,4106.4,2,8228.6,-166,-0.20,128,0.16,-162,-0.20,5781,0.58
280,Entry long,2025-11-19 09:55,Long,4114.3,2,8228.6,-166,-0.20,128,0.16,-162,-0.20,5781,0.58
281,Exit long,2025-11-19 23:05,EOD Close 21:00 UTC,4084.8,2,8174.6,-58,-0.07,0,0.00,-102,-0.12,5723,0.57
281,Entry long,2025-11-19 23:00,Long,4087.3,2,8174.6,-58,-0.07,0,0.00,-102,-0.12,5723,0.57
282,Exit short,2025-11-20 02:15,Short Exit,4039.4,2,8142.4,628,0.77,632,0.78,-4,0.00,6351,0.64
282,Entry short,2025-11-20 02:00,Short,4071.2,2,8142.4,628,0.77,632,0.78,-4,0.00,6351,0.64
283,Exit short,2025-11-20 02:15,TP 3:1,4048.5,1,4035,-139,-0.34,0,0.00,-137,-0.34,6210,0.62
283,Entry short,2025-11-20 02:15,Short,4035,1,4035,-139,-0.34,0,0.00,-137,-0.34,6210,0.62
284,Exit short,2025-11-20 02:15,Short Exit,4048.5,1,4035,-139,-0.34,0,0.00,-137,-0.34,6073,0.61
284,Entry short,2025-11-20 02:15,Short,4035,1,4035,-139,-0.34,0,0.00,-137,-0.34,6073,0.61
285,Exit short,2025-11-20 08:55,Short Exit,4062.2,2,8094,-312,-0.39,186,0.23,-308,-0.38,5761,0.58
285,Entry short,2025-11-20 08:00,Short,4047,2,8094,-312,-0.39,186,0.23,-308,-0.38,5761,0.58